{
  "A_sex": {
    "MAE": 0.3359497548600618,
    "RMSE": 0.4089986586552798,
    "R2": 0.2938319677164384,
    "ACC@0.5": 0.7877094972067039
  },
  "B_pclass": {
    "MAE": 0.42648412853805556,
    "RMSE": 0.46243206386596997,
    "R2": 0.09726524135912495,
    "ACC@0.5": 0.6759776536312849
  }
}